Group,Subgroup,Images,Malignant,AUC,AUC lo,AUC hi,AUC (95% CI),Sensitivity %,Specificity %
Breast density,Density 1,54,17,0.7996820349761526,0.6027551732155312,0.9488942736185383,0.800 (0.603–0.949),76.5 (50.0–100.0),75.7 (58.5–91.4)
Breast density,Density 2,197,98,0.7197485054627911,0.6323816438412,0.8118857699140993,0.720 (0.632–0.812),73.5 (62.4–84.6),58.6 (47.5–68.8)
Breast density,Density 3,138,56,0.7378048780487806,0.6230426207564366,0.8389031140274826,0.738 (0.623–0.839),60.7 (42.9–77.8),72.0 (59.5–83.3)
Breast density,Density 4,69,22,0.632495164410058,0.48243177387914227,0.7733480392156863,0.632 (0.482–0.773),59.1 (33.3–82.6),70.2 (56.9–83.0)
Lesion type,Calcification,217,91,0.7483865341008198,0.6648889668437732,0.8222970751466372,0.748 (0.665–0.822),71.4 (59.8–81.9),68.3 (58.1–77.4)
Lesion type,Mass,241,102,0.7123712794470307,0.6345525232464351,0.7885224318291273,0.712 (0.635–0.789),65.7 (54.2–76.6),66.2 (58.0–74.8)
View,CC,204,89,0.7200781631656081,0.6465080331133701,0.7893421770506843,0.720 (0.647–0.789),68.5 (58.5–77.6),65.2 (56.2–74.4)
View,MLO,254,104,0.738397435897436,0.6697553177224662,0.7967399238623134,0.738 (0.670–0.797),68.3 (58.1–75.8),68.7 (61.0–75.6)
Subtlety,1–2 (subtle),86,42,0.6228354978354979,0.4702089093701997,0.7631716008771929,0.623 (0.470–0.763),64.3 (45.0–81.6),50.0 (32.5–66.7)
Subtlety,3,138,52,0.7607334525939177,0.646918739364976,0.8533666018454968,0.761 (0.647–0.853),69.2 (54.3–82.0),74.4 (64.8–83.5)
Subtlety,4–5 (obvious),232,99,0.7450444292549556,0.6618733189573264,0.8211434198265943,0.745 (0.662–0.821),69.7 (57.6–80.7),68.4 (59.3–77.1)
