image_id,split,label,prob
Calc_Test_P_00038_LEFT_CC,val,0,0.4463981091976166
Calc_Test_P_00038_LEFT_MLO,val,0,0.673390805721283
Calc_Test_P_00038_RIGHT_CC,val,0,0.4460158944129944
Calc_Test_P_00038_RIGHT_MLO,val,0,0.6059440970420837
Calc_Test_P_00077_LEFT_CC,val,0,0.34133610129356384
Calc_Test_P_00077_LEFT_MLO,val,0,0.17170092463493347
Calc_Test_P_00077_RIGHT_CC,val,0,0.36537203192710876
Calc_Test_P_00077_RIGHT_MLO,val,0,0.38007473945617676
Calc_Test_P_00100_RIGHT_CC,val,0,0.4035627245903015
Calc_Test_P_00100_RIGHT_MLO,val,0,0.5621722340583801
Calc_Test_P_00257_RIGHT_CC,val,0,0.4538241922855377
Calc_Test_P_00257_RIGHT_MLO,val,0,0.5073783993721008
Calc_Test_P_00331_LEFT_CC,val,0,0.5560178756713867
Calc_Test_P_00331_LEFT_MLO,val,0,0.5290572643280029
Calc_Test_P_00403_RIGHT_CC,val,1,0.566271960735321
Calc_Test_P_00403_RIGHT_MLO,val,1,0.6530685424804688
Calc_Test_P_00460_LEFT_CC,val,0,0.13554084300994873
Calc_Test_P_00460_LEFT_MLO,val,0,0.25371041893959045
Calc_Test_P_00663_RIGHT_CC,val,0,0.4826316833496094
Calc_Test_P_00663_RIGHT_MLO,val,0,0.47666966915130615
Calc_Test_P_00774_RIGHT_CC,val,0,0.4352301359176636
Calc_Test_P_00774_RIGHT_MLO,val,0,0.4114281237125397
Calc_Test_P_00857_RIGHT_CC,val,1,0.6041560173034668
Calc_Test_P_00857_RIGHT_MLO,val,1,0.696344256401062
Calc_Test_P_00906_LEFT_CC,val,1,0.6190423369407654
Calc_Test_P_00906_LEFT_MLO,val,1,0.6116370558738708
Calc_Test_P_01092_LEFT_CC,val,1,0.6835358142852783
Calc_Test_P_01092_LEFT_MLO,val,1,0.6692988872528076
Calc_Test_P_01132_RIGHT_MLO,val,0,0.7678175568580627
Calc_Test_P_01157_RIGHT_CC,val,1,0.42681649327278137
Calc_Test_P_01157_RIGHT_MLO,val,1,0.6405978202819824
Calc_Test_P_01179_LEFT_MLO,val,1,0.5821228623390198
Calc_Test_P_01217_RIGHT_CC,val,1,0.4722672998905182
Calc_Test_P_01217_RIGHT_MLO,val,1,0.5192883610725403
Calc_Test_P_01352_LEFT_CC,val,0,0.3910646140575409
Calc_Test_P_01352_LEFT_MLO,val,0,0.48621323704719543
Calc_Test_P_01399_RIGHT_CC,val,0,0.517686665058136
Calc_Test_P_01399_RIGHT_MLO,val,0,0.24279548227787018
Calc_Test_P_01490_LEFT_CC,val,0,0.23259250819683075
Calc_Test_P_01490_LEFT_MLO,val,0,0.22986170649528503
Calc_Test_P_01502_LEFT_CC,val,1,0.6442036032676697
Calc_Test_P_01502_LEFT_MLO,val,1,0.5331200361251831
Calc_Test_P_01602_RIGHT_CC,val,1,0.5436090230941772
Calc_Test_P_01621_LEFT_CC,val,0,0.35882169008255005
Calc_Test_P_01621_LEFT_MLO,val,0,0.5036202669143677
Calc_Test_P_01773_RIGHT_CC,val,0,0.44622230529785156
Calc_Test_P_01773_RIGHT_MLO,val,0,0.5038570165634155
Calc_Test_P_01868_LEFT_CC,val,0,0.2442115694284439
Calc_Test_P_01868_LEFT_MLO,val,0,0.2635135054588318
Calc_Test_P_02198_LEFT_CC,val,1,0.5567709803581238
Calc_Test_P_02198_LEFT_MLO,val,1,0.4361974000930786
Calc_Test_P_02432_LEFT_CC,val,1,0.5960142016410828
Calc_Test_P_02432_LEFT_MLO,val,1,0.5011542439460754
Calc_Test_P_02501_RIGHT_CC,val,1,0.538749098777771
Calc_Test_P_02501_RIGHT_MLO,val,1,0.5554370284080505
Calc_Training_P_00022_LEFT_CC,val,0,0.4264158606529236
Calc_Training_P_00022_LEFT_MLO,val,0,0.5139521360397339
Calc_Training_P_00183_RIGHT_MLO,val,0,0.3193226158618927
Calc_Training_P_00220_LEFT_CC,val,0,0.5016275644302368
Calc_Training_P_00220_LEFT_MLO,val,0,0.5036962032318115
Calc_Training_P_00251_RIGHT_CC,val,1,0.49301618337631226
Calc_Training_P_00251_RIGHT_MLO,val,1,0.47143441438674927
Calc_Training_P_00266_LEFT_CC,val,1,0.6609793901443481
Calc_Training_P_00266_LEFT_MLO,val,1,0.7042201161384583
Calc_Training_P_00268_LEFT_CC,val,1,0.5788520574569702
Calc_Training_P_00268_LEFT_MLO,val,1,0.43483424186706543
Calc_Training_P_00321_LEFT_CC,val,1,0.45387566089630127
Calc_Training_P_00321_LEFT_MLO,val,1,0.5544075965881348
Calc_Training_P_00326_LEFT_MLO,val,0,0.25829312205314636
Calc_Training_P_00443_RIGHT_MLO,val,1,0.5333536863327026
Calc_Training_P_00445_LEFT_MLO,val,1,0.5517390370368958
Calc_Training_P_00452_LEFT_CC,val,0,0.3859465420246124
Calc_Training_P_00452_LEFT_MLO,val,0,0.34320148825645447
Calc_Training_P_00452_RIGHT_CC,val,0,0.26719269156455994
Calc_Training_P_00452_RIGHT_MLO,val,0,0.2899414598941803
Calc_Training_P_00469_LEFT_CC,val,0,0.5467435121536255
Calc_Training_P_00469_LEFT_MLO,val,0,0.5510751605033875
Calc_Training_P_00471_LEFT_CC,val,0,0.5989565253257751
Calc_Training_P_00471_LEFT_MLO,val,0,0.5006395578384399
Calc_Training_P_00530_LEFT_CC,val,1,0.3615225851535797
Calc_Training_P_00530_LEFT_MLO,val,1,0.6349399089813232
Calc_Training_P_00531_RIGHT_CC,val,0,0.37461888790130615
Calc_Training_P_00531_RIGHT_MLO,val,0,0.5617836713790894
Calc_Training_P_00546_RIGHT_MLO,val,1,0.40734344720840454
Calc_Training_P_00548_LEFT_CC,val,0,0.24448725581169128
Calc_Training_P_00548_LEFT_MLO,val,0,0.3800783157348633
Calc_Training_P_00557_LEFT_CC,val,0,0.45648184418678284
Calc_Training_P_00557_LEFT_MLO,val,0,0.546785831451416
Calc_Training_P_00557_RIGHT_CC,val,0,0.37279069423675537
Calc_Training_P_00557_RIGHT_MLO,val,0,0.272525817155838
Calc_Training_P_00558_RIGHT_CC,val,0,0.4697517156600952
Calc_Training_P_00558_RIGHT_MLO,val,0,0.5075321793556213
Calc_Training_P_00573_RIGHT_CC,val,1,0.5087353587150574
Calc_Training_P_00573_RIGHT_MLO,val,1,0.5224562287330627
Calc_Training_P_00585_LEFT_CC,val,0,0.3800535202026367
Calc_Training_P_00585_LEFT_MLO,val,0,0.39900830388069153
Calc_Training_P_00606_LEFT_CC,val,1,0.49814024567604065
Calc_Training_P_00606_LEFT_MLO,val,1,0.3813655376434326
Calc_Training_P_00609_RIGHT_CC,val,1,0.5505627393722534
Calc_Training_P_00609_RIGHT_MLO,val,1,0.3895307183265686
Calc_Training_P_00664_RIGHT_CC,val,1,0.4995570480823517
Calc_Training_P_00664_RIGHT_MLO,val,1,0.5768318176269531
Calc_Training_P_00669_RIGHT_CC,val,0,0.4798128306865692
Calc_Training_P_00669_RIGHT_MLO,val,0,0.5096866488456726
Calc_Training_P_00751_LEFT_CC,val,0,0.5231338739395142
Calc_Training_P_00771_RIGHT_CC,val,0,0.15218988060951233
Calc_Training_P_00771_RIGHT_MLO,val,0,0.25864166021347046
Calc_Training_P_00778_LEFT_CC,val,1,0.672224223613739
Calc_Training_P_00778_LEFT_MLO,val,1,0.7312190532684326
Calc_Training_P_00780_LEFT_CC,val,0,0.3349323868751526
Calc_Training_P_00780_LEFT_MLO,val,0,0.3264194130897522
Calc_Training_P_00780_RIGHT_CC,val,0,0.1613081395626068
Calc_Training_P_00780_RIGHT_MLO,val,0,0.15239697694778442
Calc_Training_P_00834_LEFT_CC,val,0,0.2495007961988449
Calc_Training_P_00834_LEFT_MLO,val,0,0.3475790023803711
Calc_Training_P_00846_LEFT_CC,val,1,0.3969579041004181
Calc_Training_P_00846_LEFT_MLO,val,1,0.3882213532924652
Calc_Training_P_00856_LEFT_MLO,val,1,0.7081947922706604
Calc_Training_P_00909_LEFT_MLO,val,0,0.48982661962509155
Calc_Training_P_00916_RIGHT_MLO,val,1,0.5909157991409302
Calc_Training_P_00954_RIGHT_CC,val,1,0.4403521418571472
Calc_Training_P_00954_RIGHT_MLO,val,1,0.5544543266296387
Calc_Training_P_00956_LEFT_MLO,val,0,0.3968251049518585
Calc_Training_P_01003_LEFT_CC,val,0,0.245200976729393
Calc_Training_P_01003_LEFT_MLO,val,0,0.32016435265541077
Calc_Training_P_01033_LEFT_CC,val,0,0.43930256366729736
Calc_Training_P_01033_LEFT_MLO,val,0,0.46177569031715393
Calc_Training_P_01034_LEFT_CC,val,0,0.4767540693283081
Calc_Training_P_01034_LEFT_MLO,val,0,0.5566675066947937
Calc_Training_P_01045_RIGHT_CC,val,1,0.6468051671981812
Calc_Training_P_01045_RIGHT_MLO,val,1,0.5566193461418152
Calc_Training_P_01064_LEFT_MLO,val,1,0.4001880884170532
Calc_Training_P_01100_RIGHT_CC,val,1,0.5828711986541748
Calc_Training_P_01100_RIGHT_MLO,val,1,0.46710044145584106
Calc_Training_P_01107_LEFT_CC,val,0,0.47296881675720215
Calc_Training_P_01116_LEFT_CC,val,1,0.6283142566680908
Calc_Training_P_01116_LEFT_MLO,val,1,0.6028438806533813
Calc_Training_P_01129_RIGHT_CC,val,1,0.48948541283607483
Calc_Training_P_01129_RIGHT_MLO,val,1,0.529249370098114
Calc_Training_P_01139_RIGHT_CC,val,0,0.4400460422039032
Calc_Training_P_01139_RIGHT_MLO,val,0,0.5334484577178955
Calc_Training_P_01159_LEFT_CC,val,0,0.43086177110671997
Calc_Training_P_01159_LEFT_MLO,val,0,0.4105318784713745
Calc_Training_P_01205_RIGHT_CC,val,0,0.2084496170282364
Calc_Training_P_01205_RIGHT_MLO,val,0,0.23553147912025452
Calc_Training_P_01246_RIGHT_MLO,val,0,0.49217990040779114
Calc_Training_P_01249_LEFT_CC,val,0,0.4746341407299042
Calc_Training_P_01249_LEFT_MLO,val,0,0.5036575198173523
Calc_Training_P_01256_RIGHT_CC,val,0,0.20311595499515533
Calc_Training_P_01256_RIGHT_MLO,val,0,0.37079110741615295
Calc_Training_P_01291_RIGHT_CC,val,1,0.6281013488769531
Calc_Training_P_01291_RIGHT_MLO,val,1,0.6027079820632935
Calc_Training_P_01313_LEFT_CC,val,1,0.5314644575119019
Calc_Training_P_01313_LEFT_MLO,val,1,0.5695490837097168
Calc_Training_P_01361_LEFT_CC,val,1,0.6619113683700562
Calc_Training_P_01361_LEFT_MLO,val,1,0.7399588823318481
Calc_Training_P_01362_RIGHT_CC,val,0,0.174644336104393
Calc_Training_P_01362_RIGHT_MLO,val,0,0.6579384207725525
Calc_Training_P_01365_LEFT_CC,val,1,0.6164562106132507
Calc_Training_P_01365_LEFT_MLO,val,1,0.6458903551101685
Calc_Training_P_01410_LEFT_CC,val,0,0.29546019434928894
Calc_Training_P_01410_LEFT_MLO,val,0,0.342506468296051
Calc_Training_P_01440_LEFT_CC,val,0,0.40052470564842224
Calc_Training_P_01440_LEFT_MLO,val,0,0.3553107976913452
Calc_Training_P_01440_RIGHT_CC,val,0,0.469133198261261
Calc_Training_P_01440_RIGHT_MLO,val,0,0.43689319491386414
Calc_Training_P_01456_LEFT_CC,val,1,0.34965723752975464
Calc_Training_P_01456_LEFT_MLO,val,1,0.5646785497665405
Calc_Training_P_01458_LEFT_CC,val,0,0.38371601700782776
Calc_Training_P_01458_LEFT_MLO,val,0,0.3630613088607788
Calc_Training_P_01462_LEFT_CC,val,0,0.26821601390838623
Calc_Training_P_01462_LEFT_MLO,val,0,0.33687666058540344
Calc_Training_P_01517_LEFT_MLO,val,1,0.5159856081008911
Calc_Training_P_01524_LEFT_CC,val,1,0.4032537043094635
Calc_Training_P_01524_LEFT_MLO,val,1,0.6056880950927734
Calc_Training_P_01570_RIGHT_CC,val,0,0.21918024122714996
Calc_Training_P_01570_RIGHT_MLO,val,0,0.2758193016052246
Calc_Training_P_01585_RIGHT_CC,val,1,0.41247305274009705
Calc_Training_P_01585_RIGHT_MLO,val,1,0.5070256590843201
Calc_Training_P_01609_LEFT_CC,val,0,0.5020129680633545
Calc_Training_P_01609_LEFT_MLO,val,0,0.39507585763931274
Calc_Training_P_01626_LEFT_CC,val,1,0.6161879897117615
Calc_Training_P_01626_LEFT_MLO,val,1,0.4552268385887146
Calc_Training_P_01676_RIGHT_MLO,val,0,0.6042238473892212
Calc_Training_P_01729_LEFT_CC,val,1,0.5639065504074097
Calc_Training_P_01729_LEFT_MLO,val,1,0.5110651850700378
Calc_Training_P_01791_LEFT_CC,val,0,0.08758264034986496
Calc_Training_P_01791_LEFT_MLO,val,0,0.45061174035072327
Calc_Training_P_01809_LEFT_MLO,val,1,0.5075236558914185
Calc_Training_P_01856_LEFT_CC,val,1,0.5838891267776489
Calc_Training_P_01856_LEFT_MLO,val,1,0.680611789226532
Calc_Training_P_02154_LEFT_CC,val,1,0.5606478452682495
Calc_Training_P_02154_LEFT_MLO,val,1,0.6346375942230225
Calc_Training_P_02190_RIGHT_CC,val,1,0.6095438003540039
Calc_Training_P_02190_RIGHT_MLO,val,1,0.6384852528572083
Calc_Training_P_02232_LEFT_CC,val,1,0.46376195549964905
Calc_Training_P_02232_LEFT_MLO,val,1,0.4327089488506317
Calc_Training_P_02316_RIGHT_CC,val,0,0.5119635462760925
Calc_Training_P_02316_RIGHT_MLO,val,0,0.47554877400398254
Calc_Training_P_02318_RIGHT_CC,val,0,0.5750156044960022
Calc_Training_P_02318_RIGHT_MLO,val,0,0.48045235872268677
Calc_Training_P_02468_LEFT_CC,val,0,0.3897363841533661
Calc_Training_P_02468_LEFT_MLO,val,0,0.5248802900314331
Mass_Test_P_00145_LEFT_CC,val,0,0.5010841488838196
Mass_Test_P_00145_LEFT_MLO,val,0,0.42096734046936035
Mass_Test_P_00296_LEFT_CC,val,1,0.6135447025299072
Mass_Test_P_00296_LEFT_MLO,val,1,0.6531656384468079
Mass_Test_P_00405_LEFT_CC,val,0,0.6051821708679199
Mass_Test_P_00405_LEFT_MLO,val,0,0.6071537733078003
Mass_Test_P_00429_LEFT_CC,val,0,0.22584351897239685
Mass_Test_P_00429_LEFT_MLO,val,0,0.3954634964466095
Mass_Test_P_00470_RIGHT_CC,val,0,0.34867191314697266
Mass_Test_P_00470_RIGHT_MLO,val,0,0.2835584878921509
Mass_Test_P_00490_RIGHT_CC,val,0,0.5343462824821472
Mass_Test_P_00490_RIGHT_MLO,val,0,0.5470947623252869
Mass_Test_P_00671_LEFT_CC,val,0,0.6087611317634583
Mass_Test_P_00671_LEFT_MLO,val,0,0.5411128997802734
Mass_Test_P_00677_RIGHT_CC,val,1,0.4879887104034424
Mass_Test_P_00677_RIGHT_MLO,val,1,0.5282018184661865
Mass_Test_P_00738_RIGHT_CC,val,0,0.48511776328086853
Mass_Test_P_00738_RIGHT_MLO,val,0,0.544365406036377
Mass_Test_P_00820_LEFT_CC,val,1,0.5758943557739258
Mass_Test_P_00820_LEFT_MLO,val,1,0.6012213230133057
Mass_Test_P_00820_RIGHT_CC,val,0,0.505093514919281
Mass_Test_P_00820_RIGHT_MLO,val,0,0.44108346104621887
Mass_Test_P_00987_LEFT_CC,val,1,0.7243894338607788
Mass_Test_P_00987_LEFT_MLO,val,1,0.5958133935928345
Mass_Test_P_01090_LEFT_CC,val,0,0.434588760137558
Mass_Test_P_01090_LEFT_MLO,val,0,0.5470267534255981
Mass_Test_P_01090_RIGHT_MLO,val,0,0.3952074944972992
Mass_Test_P_01210_RIGHT_MLO,val,1,0.6612995862960815
Mass_Test_P_01323_LEFT_CC,val,1,0.5059939622879028
Mass_Test_P_01323_LEFT_MLO,val,1,0.6389026641845703
Mass_Test_P_01365_LEFT_CC,val,0,0.6164562106132507
Mass_Test_P_01378_LEFT_CC,val,0,0.4677104651927948
Mass_Test_P_01378_RIGHT_CC,val,0,0.5876947641372681
Mass_Test_P_01378_RIGHT_MLO,val,0,0.5510404109954834
Mass_Test_P_01477_LEFT_CC,val,0,0.5522074699401855
Mass_Test_P_01489_RIGHT_MLO,val,1,0.5899427533149719
Mass_Test_P_01502_LEFT_CC,val,0,0.6442036032676697
Mass_Test_P_01502_LEFT_MLO,val,0,0.5331200361251831
Mass_Test_P_01512_LEFT_CC,val,0,0.5557324290275574
Mass_Test_P_01512_LEFT_MLO,val,0,0.4347887337207794
Mass_Test_P_01539_RIGHT_CC,val,0,0.5054940581321716
Mass_Test_P_01539_RIGHT_MLO,val,0,0.593658983707428
Mass_Test_P_01546_LEFT_CC,val,1,0.5643110275268555
Mass_Test_P_01546_LEFT_MLO,val,1,0.556613564491272
Mass_Test_P_01551_LEFT_CC,val,0,0.5193983316421509
Mass_Test_P_01551_LEFT_MLO,val,0,0.5356497168540955
Mass_Test_P_01578_LEFT_MLO,val,0,0.5949001908302307
Mass_Test_P_01614_LEFT_MLO,val,0,0.5771862268447876
Mass_Test_P_01651_RIGHT_CC,val,1,0.5489975810050964
Mass_Test_P_01651_RIGHT_MLO,val,1,0.3920580744743347
Mass_Test_P_01673_RIGHT_CC,val,0,0.4873807728290558
Mass_Test_P_01673_RIGHT_MLO,val,0,0.30406028032302856
Mass_Test_P_01716_RIGHT_CC,val,0,0.3217647075653076
Mass_Test_P_01716_RIGHT_MLO,val,0,0.5051060914993286
Mass_Test_P_01726_RIGHT_CC,val,0,0.5442420840263367
Mass_Test_P_01726_RIGHT_MLO,val,0,0.4667069911956787
Mass_Test_P_01796_LEFT_CC,val,0,0.4999920129776001
Mass_Test_P_01796_LEFT_MLO,val,0,0.4633244574069977
Mass_Training_P_00057_RIGHT_CC,val,1,0.4762207865715027
Mass_Training_P_00057_RIGHT_MLO,val,1,0.575174868106842
Mass_Training_P_00068_RIGHT_CC,val,1,0.5612633228302002
Mass_Training_P_00068_RIGHT_MLO,val,1,0.6489117741584778
Mass_Training_P_00074_LEFT_MLO,val,1,0.5956324934959412
Mass_Training_P_00074_RIGHT_CC,val,1,0.5568925738334656
Mass_Training_P_00074_RIGHT_MLO,val,1,0.5331360101699829
Mass_Training_P_00096_RIGHT_CC,val,0,0.39875927567481995
Mass_Training_P_00096_RIGHT_MLO,val,0,0.5659695863723755
Mass_Training_P_00108_LEFT_CC,val,0,0.4889657199382782
Mass_Training_P_00108_LEFT_MLO,val,0,0.5155745148658752
Mass_Training_P_00133_LEFT_CC,val,1,0.8261319398880005
Mass_Training_P_00133_LEFT_MLO,val,1,0.7026803493499756
Mass_Training_P_00166_RIGHT_CC,val,0,0.5910506844520569
Mass_Training_P_00166_RIGHT_MLO,val,0,0.6134436130523682
Mass_Training_P_00174_RIGHT_CC,val,1,0.7790076732635498
Mass_Training_P_00174_RIGHT_MLO,val,1,0.8994777798652649
Mass_Training_P_00199_LEFT_CC,val,1,0.567680299282074
Mass_Training_P_00199_LEFT_MLO,val,1,0.4419860541820526
Mass_Training_P_00226_LEFT_CC,val,1,0.6738741397857666
Mass_Training_P_00226_LEFT_MLO,val,1,0.6364092230796814
Mass_Training_P_00235_RIGHT_CC,val,1,0.3888985812664032
Mass_Training_P_00235_RIGHT_MLO,val,1,0.5929591059684753
Mass_Training_P_00236_RIGHT_MLO,val,1,0.491519957780838
Mass_Training_P_00247_RIGHT_CC,val,0,0.39256805181503296
Mass_Training_P_00247_RIGHT_MLO,val,0,0.4225082993507385
Mass_Training_P_00264_LEFT_CC,val,1,0.5334674715995789
Mass_Training_P_00264_LEFT_MLO,val,1,0.559065580368042
Mass_Training_P_00273_LEFT_CC,val,0,0.607471764087677
Mass_Training_P_00279_LEFT_CC,val,0,0.542332649230957
Mass_Training_P_00314_RIGHT_CC,val,1,0.5811638832092285
Mass_Training_P_00314_RIGHT_MLO,val,1,0.6346815824508667
Mass_Training_P_00317_RIGHT_MLO,val,1,0.6744822859764099
Mass_Training_P_00320_LEFT_CC,val,0,0.6814361214637756
Mass_Training_P_00320_LEFT_MLO,val,0,0.5625009536743164
Mass_Training_P_00348_LEFT_CC,val,0,0.6061657667160034
Mass_Training_P_00348_LEFT_MLO,val,0,0.49923276901245117
Mass_Training_P_00383_LEFT_MLO,val,1,0.598706841468811
Mass_Training_P_00412_RIGHT_CC,val,0,0.32483533024787903
Mass_Training_P_00412_RIGHT_MLO,val,0,0.18140584230422974
Mass_Training_P_00451_LEFT_CC,val,0,0.32726454734802246
Mass_Training_P_00451_LEFT_MLO,val,0,0.39366617798805237
Mass_Training_P_00453_LEFT_CC,val,0,0.5620481371879578
Mass_Training_P_00453_LEFT_MLO,val,0,0.5633980631828308
Mass_Training_P_00454_RIGHT_CC,val,0,0.44669580459594727
Mass_Training_P_00454_RIGHT_MLO,val,0,0.472067654132843
Mass_Training_P_00471_RIGHT_CC,val,1,0.865684449672699
Mass_Training_P_00471_RIGHT_MLO,val,1,0.6016313433647156
Mass_Training_P_00504_RIGHT_MLO,val,1,0.5045946836471558
Mass_Training_P_00535_LEFT_CC,val,0,0.5282490253448486
Mass_Training_P_00543_RIGHT_CC,val,1,0.6514285206794739
Mass_Training_P_00543_RIGHT_MLO,val,1,0.5111061930656433
Mass_Training_P_00545_LEFT_MLO,val,1,0.5143787860870361
Mass_Training_P_00549_LEFT_CC,val,0,0.47461196780204773
Mass_Training_P_00549_LEFT_MLO,val,0,0.548865020275116
Mass_Training_P_00554_LEFT_CC,val,1,0.44227468967437744
Mass_Training_P_00554_LEFT_MLO,val,1,0.47697070240974426
Mass_Training_P_00573_RIGHT_MLO,val,1,0.5224562287330627
Mass_Training_P_00607_RIGHT_CC,val,1,0.5377728343009949
Mass_Training_P_00607_RIGHT_MLO,val,1,0.6624199748039246
Mass_Training_P_00622_LEFT_CC,val,0,0.5147404074668884
Mass_Training_P_00626_LEFT_CC,val,0,0.6196179389953613
Mass_Training_P_00626_LEFT_MLO,val,0,0.38735783100128174
Mass_Training_P_00648_LEFT_CC,val,1,0.5735029578208923
Mass_Training_P_00648_LEFT_MLO,val,1,0.6330556869506836
Mass_Training_P_00698_RIGHT_CC,val,1,0.7131193280220032
Mass_Training_P_00698_RIGHT_MLO,val,1,0.43947309255599976
Mass_Training_P_00711_LEFT_CC,val,1,0.5121182799339294
Mass_Training_P_00711_LEFT_MLO,val,1,0.4302200675010681
Mass_Training_P_00711_RIGHT_CC,val,0,0.4665054678916931
Mass_Training_P_00711_RIGHT_MLO,val,0,0.5127666592597961
Mass_Training_P_00715_RIGHT_CC,val,0,0.5064128637313843
Mass_Training_P_00715_RIGHT_MLO,val,0,0.47651785612106323
Mass_Training_P_00720_RIGHT_MLO,val,1,0.6135022640228271
Mass_Training_P_00731_RIGHT_CC,val,0,0.34682169556617737
Mass_Training_P_00731_RIGHT_MLO,val,0,0.24321167171001434
Mass_Training_P_00737_LEFT_CC,val,1,0.6371075510978699
Mass_Training_P_00737_LEFT_MLO,val,1,0.6829726099967957
Mass_Training_P_00747_LEFT_CC,val,0,0.185652494430542
Mass_Training_P_00747_LEFT_MLO,val,0,0.48536938428878784
Mass_Training_P_00770_RIGHT_CC,val,1,0.5267505049705505
Mass_Training_P_00778_RIGHT_CC,val,0,0.7284933924674988
Mass_Training_P_00778_RIGHT_MLO,val,0,0.7731006741523743
Mass_Training_P_00779_LEFT_CC,val,1,0.9632905721664429
Mass_Training_P_00779_LEFT_MLO,val,1,0.9716672897338867
Mass_Training_P_00844_RIGHT_CC,val,0,0.55657559633255
Mass_Training_P_00844_RIGHT_MLO,val,0,0.38889390230178833
Mass_Training_P_00859_LEFT_CC,val,0,0.43350139260292053
Mass_Training_P_00859_LEFT_MLO,val,0,0.5662775635719299
Mass_Training_P_00892_LEFT_CC,val,1,0.6239964962005615
Mass_Training_P_00892_LEFT_MLO,val,1,0.8631008863449097
Mass_Training_P_00900_LEFT_MLO,val,1,0.6998938322067261
Mass_Training_P_00906_LEFT_CC,val,1,0.6190423369407654
Mass_Training_P_00906_LEFT_MLO,val,1,0.6116370558738708
Mass_Training_P_00911_LEFT_CC,val,0,0.6329553723335266
Mass_Training_P_00949_LEFT_CC,val,0,0.5770134925842285
Mass_Training_P_00949_LEFT_MLO,val,0,0.5955886840820312
Mass_Training_P_00952_RIGHT_CC,val,0,0.1887504905462265
Mass_Training_P_00952_RIGHT_MLO,val,0,0.28397345542907715
Mass_Training_P_00963_LEFT_CC,val,0,0.17884032428264618
Mass_Training_P_00963_LEFT_MLO,val,0,0.3240041732788086
Mass_Training_P_00982_RIGHT_CC,val,0,0.12033529579639435
Mass_Training_P_00982_RIGHT_MLO,val,0,0.21925242245197296
Mass_Training_P_00988_LEFT_CC,val,0,0.520419180393219
Mass_Training_P_00988_LEFT_MLO,val,0,0.6285921335220337
Mass_Training_P_00996_RIGHT_CC,val,0,0.5146989822387695
Mass_Training_P_01032_RIGHT_CC,val,0,0.1708395630121231
Mass_Training_P_01034_RIGHT_CC,val,1,0.728909969329834
Mass_Training_P_01034_RIGHT_MLO,val,1,0.5922971367835999
Mass_Training_P_01109_LEFT_MLO,val,1,0.6345047354698181
Mass_Training_P_01118_RIGHT_CC,val,0,0.5763691663742065
Mass_Training_P_01118_RIGHT_MLO,val,0,0.6162364482879639
Mass_Training_P_01142_RIGHT_CC,val,0,0.11570373922586441
Mass_Training_P_01142_RIGHT_MLO,val,0,0.19303850829601288
Mass_Training_P_01146_LEFT_CC,val,0,0.5137641429901123
Mass_Training_P_01150_LEFT_CC,val,0,0.6170992851257324
Mass_Training_P_01150_LEFT_MLO,val,0,0.724157452583313
Mass_Training_P_01155_RIGHT_CC,val,1,0.5410425066947937
Mass_Training_P_01155_RIGHT_MLO,val,1,0.561908483505249
Mass_Training_P_01164_RIGHT_CC,val,0,0.48389407992362976
Mass_Training_P_01164_RIGHT_MLO,val,0,0.5256772041320801
Mass_Training_P_01179_LEFT_CC,val,1,0.7455341815948486
Mass_Training_P_01179_LEFT_MLO,val,1,0.5821228623390198
Mass_Training_P_01185_RIGHT_CC,val,0,0.41706469655036926
Mass_Training_P_01185_RIGHT_MLO,val,0,0.4121822714805603
Mass_Training_P_01209_LEFT_CC,val,0,0.5583569407463074
Mass_Training_P_01212_RIGHT_CC,val,0,0.6089633107185364
Mass_Training_P_01212_RIGHT_MLO,val,0,0.5079801678657532
Mass_Training_P_01221_LEFT_CC,val,1,0.21939067542552948
Mass_Training_P_01221_LEFT_MLO,val,1,0.29047247767448425
Mass_Training_P_01231_LEFT_CC,val,0,0.23277541995048523
Mass_Training_P_01231_LEFT_MLO,val,0,0.26950547099113464
Mass_Training_P_01233_LEFT_CC,val,0,0.4337228834629059
Mass_Training_P_01233_LEFT_MLO,val,0,0.47013553977012634
Mass_Training_P_01305_LEFT_CC,val,0,0.5474974513053894
Mass_Training_P_01305_LEFT_MLO,val,0,0.6465018391609192
Mass_Training_P_01327_LEFT_MLO,val,0,0.4781467318534851
Mass_Training_P_01343_LEFT_CC,val,1,0.9908231496810913
Mass_Training_P_01343_LEFT_MLO,val,1,0.8613911867141724
Mass_Training_P_01349_LEFT_MLO,val,0,0.6456138491630554
Mass_Training_P_01355_LEFT_MLO,val,1,0.5838766098022461
Mass_Training_P_01362_LEFT_MLO,val,0,0.6109752058982849
Mass_Training_P_01373_RIGHT_CC,val,1,0.488559752702713
Mass_Training_P_01373_RIGHT_MLO,val,1,0.47136279940605164
Mass_Training_P_01374_RIGHT_CC,val,1,0.508834958076477
Mass_Training_P_01374_RIGHT_MLO,val,1,0.5148792862892151
Mass_Training_P_01382_LEFT_CC,val,0,0.3096994459629059
Mass_Training_P_01382_LEFT_MLO,val,0,0.2880246937274933
Mass_Training_P_01383_LEFT_CC,val,1,0.6509918570518494
Mass_Training_P_01383_LEFT_MLO,val,1,0.6696374416351318
Mass_Training_P_01411_RIGHT_MLO,val,1,0.7640960216522217
Mass_Training_P_01418_RIGHT_CC,val,1,0.7698944211006165
Mass_Training_P_01418_RIGHT_MLO,val,1,0.5083188414573669
Mass_Training_P_01433_LEFT_CC,val,1,0.5942202806472778
Mass_Training_P_01433_LEFT_MLO,val,1,0.5259247422218323
Mass_Training_P_01438_LEFT_MLO,val,1,0.6296144723892212
Mass_Training_P_01441_RIGHT_CC,val,1,0.5145987868309021
Mass_Training_P_01441_RIGHT_MLO,val,1,0.6376717686653137
Mass_Training_P_01447_RIGHT_CC,val,0,0.6625176668167114
Mass_Training_P_01447_RIGHT_MLO,val,0,0.6229146122932434
Mass_Training_P_01461_RIGHT_CC,val,1,0.7858003377914429
Mass_Training_P_01461_RIGHT_MLO,val,1,0.5710844993591309
Mass_Training_P_01474_RIGHT_CC,val,1,0.8079358339309692
Mass_Training_P_01474_RIGHT_MLO,val,1,0.8308879137039185
Mass_Training_P_01493_RIGHT_CC,val,1,0.5745645761489868
Mass_Training_P_01517_LEFT_MLO,val,1,0.5159856081008911
Mass_Training_P_01529_RIGHT_CC,val,1,0.5535145401954651
Mass_Training_P_01529_RIGHT_MLO,val,1,0.7062767744064331
Mass_Training_P_01543_RIGHT_CC,val,0,0.5445616841316223
Mass_Training_P_01543_RIGHT_MLO,val,0,0.4621485471725464
Mass_Training_P_01553_RIGHT_MLO,val,1,0.6554886698722839
Mass_Training_P_01572_RIGHT_CC,val,0,0.3562355637550354
Mass_Training_P_01572_RIGHT_MLO,val,0,0.31011179089546204
Mass_Training_P_01593_LEFT_CC,val,1,0.6052054762840271
Mass_Training_P_01593_LEFT_MLO,val,1,0.7106656432151794
Mass_Training_P_01606_RIGHT_MLO,val,1,0.5480270385742188
Mass_Training_P_01621_RIGHT_CC,val,0,0.2934337854385376
Mass_Training_P_01621_RIGHT_MLO,val,0,0.4726332128047943
Mass_Training_P_01636_RIGHT_MLO,val,1,0.5671756267547607
Mass_Training_P_01644_LEFT_CC,val,0,0.6588291525840759
Mass_Training_P_01644_LEFT_MLO,val,0,0.6166219115257263
Mass_Training_P_01644_RIGHT_CC,val,1,0.6150752902030945
Mass_Training_P_01644_RIGHT_MLO,val,1,0.6379901170730591
Mass_Training_P_01671_LEFT_CC,val,1,0.7360029220581055
Mass_Training_P_01671_LEFT_MLO,val,1,0.9326639175415039
Mass_Training_P_01687_RIGHT_CC,val,0,0.6739735007286072
Mass_Training_P_01687_RIGHT_MLO,val,0,0.6297640204429626
Mass_Training_P_01735_RIGHT_CC,val,1,0.5398704409599304
Mass_Training_P_01735_RIGHT_MLO,val,1,0.5709348917007446
Mass_Training_P_01745_RIGHT_MLO,val,1,0.6545553207397461
Mass_Training_P_01775_LEFT_MLO,val,1,0.6399490237236023
Mass_Training_P_01804_LEFT_MLO,val,0,0.2977132201194763
Mass_Training_P_01981_RIGHT_CC,val,1,0.5515700578689575
Mass_Training_P_01981_RIGHT_MLO,val,1,0.6122761368751526
Calc_Test_P_00041_LEFT_CC,test,0,0.465329110622406
Calc_Test_P_00041_LEFT_MLO,test,0,0.4679067134857178
Calc_Test_P_00246_RIGHT_MLO,test,0,0.5529922842979431
Calc_Test_P_00325_RIGHT_MLO,test,0,0.508154034614563
Calc_Test_P_00353_LEFT_CC,test,1,0.2847444713115692
Calc_Test_P_00353_LEFT_MLO,test,1,0.2533424198627472
Calc_Test_P_00368_LEFT_CC,test,0,0.3880496621131897
Calc_Test_P_00368_LEFT_MLO,test,0,0.40298351645469666
Calc_Test_P_00723_LEFT_MLO,test,0,0.6373791694641113
Calc_Test_P_00753_LEFT_CC,test,0,0.6499269008636475
Calc_Test_P_00753_LEFT_MLO,test,0,0.635567307472229
Calc_Test_P_00790_RIGHT_CC,test,0,0.40732306241989136
Calc_Test_P_00790_RIGHT_MLO,test,0,0.35323482751846313
Calc_Test_P_00827_RIGHT_CC,test,1,0.4285012185573578
Calc_Test_P_00827_RIGHT_MLO,test,1,0.5173447728157043
Calc_Test_P_01067_LEFT_CC,test,1,0.5699117183685303
Calc_Test_P_01067_LEFT_MLO,test,1,0.6244611144065857
Calc_Test_P_01148_RIGHT_MLO,test,1,0.6066983342170715
Calc_Test_P_01308_LEFT_MLO,test,0,0.5870056748390198
Calc_Test_P_01390_RIGHT_CC,test,1,0.5626734495162964
Calc_Test_P_01390_RIGHT_MLO,test,1,0.46474066376686096
Calc_Test_P_01407_LEFT_CC,test,0,0.2679872214794159
Calc_Test_P_01407_LEFT_MLO,test,0,0.13059057295322418
Calc_Test_P_01407_RIGHT_CC,test,0,0.2653026580810547
Calc_Test_P_01407_RIGHT_MLO,test,0,0.17781712114810944
Calc_Test_P_01536_RIGHT_CC,test,1,0.5666342973709106
Calc_Test_P_01536_RIGHT_MLO,test,1,0.665794849395752
Calc_Test_P_01538_RIGHT_MLO,test,1,0.4600016176700592
Calc_Test_P_01635_RIGHT_CC,test,1,0.533924400806427
Calc_Test_P_01635_RIGHT_MLO,test,1,0.7098208665847778
Calc_Test_P_01834_LEFT_MLO,test,1,0.6483722925186157
Calc_Test_P_02420_RIGHT_CC,test,1,0.6084026098251343
Calc_Test_P_02420_RIGHT_MLO,test,1,0.6739281415939331
Calc_Training_P_00019_RIGHT_CC,test,0,0.4914347231388092
Calc_Training_P_00019_RIGHT_MLO,test,0,0.5132907032966614
Calc_Training_P_00028_LEFT_MLO,test,0,0.5832065939903259
Calc_Training_P_00062_LEFT_CC,test,0,0.6354423761367798
Calc_Training_P_00062_LEFT_MLO,test,0,0.6361631155014038
Calc_Training_P_00078_LEFT_CC,test,1,0.5245034694671631
Calc_Training_P_00078_LEFT_MLO,test,1,0.5086860060691833
Calc_Training_P_00083_RIGHT_CC,test,0,0.5477874875068665
Calc_Training_P_00085_RIGHT_CC,test,1,0.49892857670783997
Calc_Training_P_00085_RIGHT_MLO,test,1,0.5886701941490173
Calc_Training_P_00088_LEFT_CC,test,1,0.4977831542491913
Calc_Training_P_00088_LEFT_MLO,test,1,0.5010572671890259
Calc_Training_P_00105_LEFT_CC,test,0,0.6625269651412964
Calc_Training_P_00105_LEFT_MLO,test,0,0.4140011966228485
Calc_Training_P_00151_RIGHT_MLO,test,0,0.4960675835609436
Calc_Training_P_00157_LEFT_CC,test,1,0.6620492935180664
Calc_Training_P_00157_LEFT_MLO,test,1,0.6888025403022766
Calc_Training_P_00208_RIGHT_CC,test,0,0.12714160978794098
Calc_Training_P_00208_RIGHT_MLO,test,0,0.20372439920902252
Calc_Training_P_00293_LEFT_CC,test,1,0.5319185256958008
Calc_Training_P_00293_LEFT_MLO,test,1,0.6645921468734741
Calc_Training_P_00297_RIGHT_CC,test,0,0.5120051503181458
Calc_Training_P_00297_RIGHT_MLO,test,0,0.5196157097816467
Calc_Training_P_00312_RIGHT_MLO,test,0,0.4029410183429718
Calc_Training_P_00318_LEFT_MLO,test,0,0.5786687731742859
Calc_Training_P_00339_LEFT_CC,test,1,0.6266611814498901
Calc_Training_P_00339_LEFT_MLO,test,1,0.6698238849639893
Calc_Training_P_00346_RIGHT_CC,test,0,0.4415772259235382
Calc_Training_P_00346_RIGHT_MLO,test,0,0.4699963629245758
Calc_Training_P_00364_RIGHT_CC,test,0,0.531516432762146
Calc_Training_P_00364_RIGHT_MLO,test,0,0.5888372659683228
Calc_Training_P_00378_LEFT_CC,test,0,0.4315077066421509
Calc_Training_P_00378_LEFT_MLO,test,0,0.41028499603271484
Calc_Training_P_00380_RIGHT_CC,test,0,0.5575876832008362
Calc_Training_P_00380_RIGHT_MLO,test,0,0.6293365359306335
Calc_Training_P_00392_LEFT_CC,test,1,0.6772446036338806
Calc_Training_P_00392_LEFT_MLO,test,1,0.5761916041374207
Calc_Training_P_00393_LEFT_MLO,test,0,0.598725438117981
Calc_Training_P_00398_LEFT_CC,test,0,0.4172504246234894
Calc_Training_P_00398_LEFT_MLO,test,0,0.5391176342964172
Calc_Training_P_00404_RIGHT_MLO,test,1,0.6874217391014099
Calc_Training_P_00438_LEFT_CC,test,1,0.47938278317451477
Calc_Training_P_00438_LEFT_MLO,test,1,0.6516939997673035
Calc_Training_P_00455_LEFT_CC,test,0,0.20647849142551422
Calc_Training_P_00455_LEFT_MLO,test,0,0.2848110496997833
Calc_Training_P_00467_LEFT_CC,test,0,0.3173436224460602
Calc_Training_P_00467_LEFT_MLO,test,0,0.31251078844070435
Calc_Training_P_00467_RIGHT_CC,test,1,0.6148563623428345
Calc_Training_P_00467_RIGHT_MLO,test,1,0.3292795717716217
Calc_Training_P_00476_LEFT_CC,test,0,0.41679421067237854
Calc_Training_P_00476_LEFT_MLO,test,0,0.3514670729637146
Calc_Training_P_00476_RIGHT_CC,test,0,0.39003053307533264
Calc_Training_P_00476_RIGHT_MLO,test,0,0.3134622573852539
Calc_Training_P_00491_LEFT_MLO,test,0,0.6655794382095337
Calc_Training_P_00538_RIGHT_CC,test,0,0.382075697183609
Calc_Training_P_00538_RIGHT_MLO,test,0,0.6368102431297302
Calc_Training_P_00539_RIGHT_CC,test,1,0.5814051032066345
Calc_Training_P_00539_RIGHT_MLO,test,1,0.4504040479660034
Calc_Training_P_00551_RIGHT_CC,test,1,0.49979230761528015
Calc_Training_P_00551_RIGHT_MLO,test,1,0.4877125322818756
Calc_Training_P_00552_RIGHT_MLO,test,1,0.4094041883945465
Calc_Training_P_00593_RIGHT_CC,test,0,0.3995380103588104
Calc_Training_P_00593_RIGHT_MLO,test,0,0.5862146019935608
Calc_Training_P_00625_RIGHT_MLO,test,0,0.38755935430526733
Calc_Training_P_00647_RIGHT_CC,test,0,0.43523111939430237
Calc_Training_P_00647_RIGHT_MLO,test,0,0.5072976350784302
Calc_Training_P_00658_LEFT_CC,test,1,0.5059889554977417
Calc_Training_P_00658_LEFT_MLO,test,1,0.25314489006996155
Calc_Training_P_00673_LEFT_MLO,test,0,0.23343172669410706
Calc_Training_P_00673_RIGHT_MLO,test,0,0.26067671179771423
Calc_Training_P_00682_RIGHT_CC,test,0,0.5082753896713257
Calc_Training_P_00682_RIGHT_MLO,test,0,0.5706965327262878
Calc_Training_P_00705_LEFT_CC,test,0,0.3090130686759949
Calc_Training_P_00705_LEFT_MLO,test,0,0.6227977275848389
Calc_Training_P_00710_RIGHT_CC,test,1,0.5807468891143799
Calc_Training_P_00710_RIGHT_MLO,test,1,0.4580775201320648
Calc_Training_P_00734_RIGHT_CC,test,1,0.7401285171508789
Calc_Training_P_00734_RIGHT_MLO,test,1,0.6161807179450989
Calc_Training_P_00793_LEFT_CC,test,0,0.111422099173069
Calc_Training_P_00793_LEFT_MLO,test,0,0.2663266658782959
Calc_Training_P_00824_LEFT_CC,test,0,0.5531416535377502
Calc_Training_P_00824_LEFT_MLO,test,0,0.6594272255897522
Calc_Training_P_00854_RIGHT_CC,test,0,0.5312141180038452
Calc_Training_P_00854_RIGHT_MLO,test,0,0.4374895393848419
Calc_Training_P_00855_RIGHT_CC,test,1,0.5673816800117493
Calc_Training_P_00890_RIGHT_MLO,test,1,0.32025739550590515
Calc_Training_P_00926_LEFT_CC,test,0,0.1911807656288147
Calc_Training_P_00926_LEFT_MLO,test,0,0.22886906564235687
Calc_Training_P_00953_LEFT_CC,test,0,0.24220767617225647
Calc_Training_P_00953_LEFT_MLO,test,0,0.21445710957050323
Calc_Training_P_00971_RIGHT_MLO,test,1,0.5139830708503723
Calc_Training_P_00977_LEFT_MLO,test,0,0.453981876373291
Calc_Training_P_00992_LEFT_CC,test,0,0.1617770791053772
Calc_Training_P_00992_LEFT_MLO,test,0,0.2255738079547882
Calc_Training_P_00992_RIGHT_CC,test,1,0.5212410092353821
Calc_Training_P_00992_RIGHT_MLO,test,1,0.6381101012229919
Calc_Training_P_01010_RIGHT_MLO,test,0,0.5292546153068542
Calc_Training_P_01016_RIGHT_MLO,test,0,0.5138521194458008
Calc_Training_P_01019_LEFT_CC,test,0,0.47142985463142395
Calc_Training_P_01019_LEFT_MLO,test,0,0.5431933403015137
Calc_Training_P_01094_RIGHT_CC,test,0,0.5412036776542664
Calc_Training_P_01094_RIGHT_MLO,test,0,0.5161921977996826
Calc_Training_P_01137_LEFT_CC,test,0,0.5022894144058228
Calc_Training_P_01137_LEFT_MLO,test,0,0.4698144197463989
Calc_Training_P_01186_LEFT_CC,test,0,0.5686461329460144
Calc_Training_P_01186_LEFT_MLO,test,0,0.6169686317443848
Calc_Training_P_01229_RIGHT_CC,test,1,0.6042805314064026
Calc_Training_P_01229_RIGHT_MLO,test,1,0.6240622997283936
Calc_Training_P_01234_RIGHT_CC,test,1,0.5820184350013733
Calc_Training_P_01234_RIGHT_MLO,test,1,0.6203856468200684
Calc_Training_P_01250_LEFT_CC,test,1,0.5656798481941223
Calc_Training_P_01250_LEFT_MLO,test,1,0.74554443359375
Calc_Training_P_01284_RIGHT_MLO,test,1,0.1823257952928543
Calc_Training_P_01286_LEFT_CC,test,1,0.5420817136764526
Calc_Training_P_01286_LEFT_MLO,test,1,0.6361178755760193
Calc_Training_P_01293_RIGHT_CC,test,0,0.5466678738594055
Calc_Training_P_01293_RIGHT_MLO,test,0,0.6320610642433167
Calc_Training_P_01358_RIGHT_CC,test,1,0.4827810227870941
Calc_Training_P_01358_RIGHT_MLO,test,1,0.40891483426094055
Calc_Training_P_01370_LEFT_CC,test,1,0.6656497120857239
Calc_Training_P_01370_LEFT_MLO,test,1,0.6172210574150085
Calc_Training_P_01385_RIGHT_CC,test,0,0.4040044844150543
Calc_Training_P_01385_RIGHT_MLO,test,0,0.4940620958805084
Calc_Training_P_01436_RIGHT_CC,test,0,0.5572133660316467
Calc_Training_P_01436_RIGHT_MLO,test,0,0.48373493552207947
Calc_Training_P_01454_LEFT_MLO,test,1,0.6086404323577881
Calc_Training_P_01505_RIGHT_CC,test,1,0.6982017755508423
Calc_Training_P_01505_RIGHT_MLO,test,1,0.649817705154419
Calc_Training_P_01513_LEFT_CC,test,0,0.24543951451778412
Calc_Training_P_01513_LEFT_MLO,test,0,0.26534736156463623
Calc_Training_P_01526_RIGHT_CC,test,1,0.4584200382232666
Calc_Training_P_01526_RIGHT_MLO,test,1,0.7763828039169312
Calc_Training_P_01567_LEFT_CC,test,0,0.42573145031929016
Calc_Training_P_01567_LEFT_MLO,test,0,0.23843125998973846
Calc_Training_P_01577_RIGHT_CC,test,0,0.30648285150527954
Calc_Training_P_01577_RIGHT_MLO,test,0,0.30716508626937866
Calc_Training_P_01582_LEFT_CC,test,1,0.5554940700531006
Calc_Training_P_01582_LEFT_MLO,test,1,0.6486327648162842
Calc_Training_P_01582_RIGHT_CC,test,0,0.5261554718017578
Calc_Training_P_01582_RIGHT_MLO,test,0,0.5551598072052002
Calc_Training_P_01628_LEFT_CC,test,0,0.25870293378829956
Calc_Training_P_01628_LEFT_MLO,test,0,0.1509849578142166
Calc_Training_P_01628_RIGHT_CC,test,0,0.2996307909488678
Calc_Training_P_01628_RIGHT_MLO,test,0,0.18464113771915436
Calc_Training_P_01660_RIGHT_CC,test,0,0.5955557823181152
Calc_Training_P_01660_RIGHT_MLO,test,0,0.5357012152671814
Calc_Training_P_01664_LEFT_CC,test,0,0.28751713037490845
Calc_Training_P_01664_LEFT_MLO,test,0,0.5443387627601624
Calc_Training_P_01664_RIGHT_CC,test,0,0.391327440738678
Calc_Training_P_01664_RIGHT_MLO,test,0,0.14273199439048767
Calc_Training_P_01679_RIGHT_CC,test,1,0.6762899160385132
Calc_Training_P_01679_RIGHT_MLO,test,1,0.7238957285881042
Calc_Training_P_01721_RIGHT_CC,test,0,0.36866527795791626
Calc_Training_P_01759_RIGHT_CC,test,0,0.4519944190979004
Calc_Training_P_01759_RIGHT_MLO,test,0,0.5004212856292725
Calc_Training_P_01760_RIGHT_CC,test,0,0.6244295835494995
Calc_Training_P_01760_RIGHT_MLO,test,0,0.27763083577156067
Calc_Training_P_01839_LEFT_CC,test,1,0.5049906373023987
Calc_Training_P_01839_LEFT_MLO,test,1,0.5033554434776306
Calc_Training_P_01864_LEFT_CC,test,0,0.6723978519439697
Calc_Training_P_01864_LEFT_MLO,test,0,0.4720640182495117
Calc_Training_P_01864_RIGHT_CC,test,0,0.33290907740592957
Calc_Training_P_01864_RIGHT_MLO,test,0,0.4751555025577545
Calc_Training_P_01884_RIGHT_CC,test,0,0.6031526327133179
Calc_Training_P_01884_RIGHT_MLO,test,0,0.5869922637939453
Calc_Training_P_02115_LEFT_CC,test,0,0.5925292372703552
Calc_Training_P_02115_LEFT_MLO,test,0,0.5841982364654541
Calc_Training_P_02133_LEFT_CC,test,1,0.41965314745903015
Calc_Training_P_02133_LEFT_MLO,test,1,0.46683523058891296
Calc_Training_P_02218_LEFT_CC,test,1,0.5029708743095398
Calc_Training_P_02218_LEFT_MLO,test,1,0.601606011390686
Calc_Training_P_02270_RIGHT_CC,test,1,0.6485620737075806
Calc_Training_P_02270_RIGHT_MLO,test,1,0.7100415229797363
Calc_Training_P_02380_LEFT_CC,test,1,0.519138514995575
Calc_Training_P_02380_LEFT_MLO,test,1,0.29764601588249207
Calc_Training_P_02434_LEFT_CC,test,0,0.5495213866233826
Calc_Training_P_02434_LEFT_MLO,test,0,0.3052903115749359
Calc_Training_P_02442_LEFT_CC,test,1,0.5026600360870361
Calc_Training_P_02442_LEFT_MLO,test,1,0.6219590306282043
Calc_Training_P_02456_LEFT_MLO,test,1,0.5318169593811035
Calc_Training_P_02475_LEFT_CC,test,1,0.4535413980484009
Calc_Training_P_02475_LEFT_MLO,test,1,0.5041858553886414
Calc_Training_P_02489_RIGHT_CC,test,1,0.5478745698928833
Calc_Training_P_02489_RIGHT_MLO,test,1,0.6227263808250427
Mass_Test_P_00037_RIGHT_CC,test,1,0.45809778571128845
Mass_Test_P_00037_RIGHT_MLO,test,1,0.5597897171974182
Mass_Test_P_00056_LEFT_MLO,test,0,0.14336839318275452
Mass_Test_P_00116_RIGHT_CC,test,1,0.9711829423904419
Mass_Test_P_00116_RIGHT_MLO,test,1,0.9781593084335327
Mass_Test_P_00131_LEFT_CC,test,0,0.469054639339447
Mass_Test_P_00131_LEFT_MLO,test,0,0.4358842372894287
Mass_Test_P_00192_RIGHT_CC,test,0,0.2610859274864197
Mass_Test_P_00358_RIGHT_CC,test,0,0.5501298904418945
Mass_Test_P_00358_RIGHT_MLO,test,0,0.5220422148704529
Mass_Test_P_00359_LEFT_MLO,test,0,0.5082359313964844
Mass_Test_P_00481_RIGHT_CC,test,1,0.5693821310997009
Mass_Test_P_00481_RIGHT_MLO,test,1,0.630884051322937
Mass_Test_P_00544_LEFT_CC,test,1,0.6712740063667297
Mass_Test_P_00544_LEFT_MLO,test,1,0.5910893082618713
Mass_Test_P_00587_RIGHT_CC,test,0,0.6660611629486084
Mass_Test_P_00587_RIGHT_MLO,test,0,0.573703408241272
Mass_Test_P_00612_RIGHT_MLO,test,0,0.2709834575653076
Mass_Test_P_00615_RIGHT_CC,test,0,0.4832985997200012
Mass_Test_P_00615_RIGHT_MLO,test,0,0.5852729678153992
Mass_Test_P_00662_LEFT_CC,test,0,0.5282561779022217
Mass_Test_P_00662_LEFT_MLO,test,0,0.57120680809021
Mass_Test_P_00741_LEFT_CC,test,1,0.5771905183792114
Mass_Test_P_00741_LEFT_MLO,test,1,0.5911158323287964
Mass_Test_P_00758_LEFT_CC,test,1,0.4983084499835968
Mass_Test_P_00758_LEFT_MLO,test,1,0.6073403358459473
Mass_Test_P_00813_RIGHT_MLO,test,1,0.4886348247528076
Mass_Test_P_00875_RIGHT_CC,test,1,0.5697125196456909
Mass_Test_P_00875_RIGHT_MLO,test,1,0.6184970736503601
Mass_Test_P_00951_LEFT_CC,test,0,0.3574073612689972
Mass_Test_P_00951_RIGHT_CC,test,1,0.36871257424354553
Mass_Test_P_00951_RIGHT_MLO,test,1,0.2799767255783081
Mass_Test_P_00962_RIGHT_CC,test,1,0.6183612942695618
Mass_Test_P_00962_RIGHT_MLO,test,1,0.6914817094802856
Mass_Test_P_00966_RIGHT_MLO,test,0,0.32143914699554443
Mass_Test_P_00985_RIGHT_CC,test,1,0.6748688220977783
Mass_Test_P_00985_RIGHT_MLO,test,1,0.7266815304756165
Mass_Test_P_01204_RIGHT_CC,test,1,0.9796316027641296
Mass_Test_P_01204_RIGHT_MLO,test,1,0.9181072115898132
Mass_Test_P_01257_RIGHT_CC,test,0,0.6165665984153748
Mass_Test_P_01257_RIGHT_MLO,test,0,0.5192588567733765
Mass_Test_P_01347_RIGHT_CC,test,1,0.6843007206916809
Mass_Test_P_01347_RIGHT_MLO,test,1,0.745132327079773
Mass_Test_P_01348_LEFT_MLO,test,1,0.7110033631324768
Mass_Test_P_01351_LEFT_CC,test,1,0.4701974391937256
Mass_Test_P_01395_RIGHT_CC,test,0,0.3329107463359833
Mass_Test_P_01395_RIGHT_MLO,test,0,0.33955615758895874
Mass_Test_P_01590_LEFT_CC,test,0,0.49881085753440857
Mass_Test_P_01590_LEFT_MLO,test,0,0.49898093938827515
Mass_Test_P_01595_LEFT_CC,test,0,0.5321398377418518
Mass_Test_P_01595_LEFT_MLO,test,0,0.6060158014297485
Mass_Test_P_01684_LEFT_CC,test,0,0.23302610218524933
Mass_Test_P_01684_LEFT_MLO,test,0,0.26439952850341797
Mass_Test_P_01765_RIGHT_CC,test,0,0.44303131103515625
Mass_Test_P_01765_RIGHT_MLO,test,0,0.44172918796539307
Mass_Test_P_01825_RIGHT_CC,test,0,0.24999669194221497
Mass_Test_P_01825_RIGHT_MLO,test,0,0.3454168736934662
Mass_Test_P_01833_RIGHT_MLO,test,1,0.40162983536720276
Mass_Training_P_00039_RIGHT_CC,test,1,0.7698811292648315
Mass_Training_P_00039_RIGHT_MLO,test,1,0.4320440888404846
Mass_Training_P_00041_LEFT_CC,test,0,0.465329110622406
Mass_Training_P_00041_LEFT_MLO,test,0,0.4679067134857178
Mass_Training_P_00061_RIGHT_CC,test,0,0.2084028422832489
Mass_Training_P_00061_RIGHT_MLO,test,0,0.29907798767089844
Mass_Training_P_00064_RIGHT_MLO,test,0,0.20920856297016144
Mass_Training_P_00092_LEFT_CC,test,1,0.5194239616394043
Mass_Training_P_00092_LEFT_MLO,test,1,0.712492048740387
Mass_Training_P_00092_RIGHT_CC,test,1,0.5283235311508179
Mass_Training_P_00092_RIGHT_MLO,test,1,0.6635441184043884
Mass_Training_P_00110_LEFT_CC,test,1,0.6385409235954285
Mass_Training_P_00110_LEFT_MLO,test,1,0.6818584203720093
Mass_Training_P_00110_RIGHT_CC,test,1,0.5694746375083923
Mass_Training_P_00149_LEFT_CC,test,1,0.5013708472251892
Mass_Training_P_00149_LEFT_MLO,test,1,0.5422683358192444
Mass_Training_P_00169_RIGHT_MLO,test,0,0.1841779351234436
Mass_Training_P_00208_RIGHT_MLO,test,0,0.20372439920902252
Mass_Training_P_00219_RIGHT_CC,test,0,0.6890174150466919
Mass_Training_P_00234_LEFT_CC,test,0,0.5898073315620422
Mass_Training_P_00241_RIGHT_CC,test,1,0.587325394153595
Mass_Training_P_00241_RIGHT_MLO,test,1,0.6270485520362854
Mass_Training_P_00281_LEFT_MLO,test,0,0.6493331789970398
Mass_Training_P_00287_RIGHT_CC,test,1,0.3492784798145294
Mass_Training_P_00287_RIGHT_MLO,test,1,0.3850812315940857
Mass_Training_P_00363_LEFT_CC,test,1,0.9250405430793762
Mass_Training_P_00363_LEFT_MLO,test,1,0.8868590593338013
Mass_Training_P_00401_LEFT_CC,test,0,0.647090494632721
Mass_Training_P_00401_LEFT_MLO,test,0,0.48024222254753113
Mass_Training_P_00419_LEFT_CC,test,1,0.6442133784294128
Mass_Training_P_00419_LEFT_MLO,test,1,0.4894365072250366
Mass_Training_P_00419_RIGHT_CC,test,0,0.3670974671840668
Mass_Training_P_00419_RIGHT_MLO,test,0,0.5377440452575684
Mass_Training_P_00421_LEFT_CC,test,0,0.16813334822654724
Mass_Training_P_00421_LEFT_MLO,test,0,0.4197004437446594
Mass_Training_P_00430_LEFT_CC,test,0,0.4579441547393799
Mass_Training_P_00430_LEFT_MLO,test,0,0.6100286841392517
Mass_Training_P_00441_RIGHT_MLO,test,0,0.49124523997306824
Mass_Training_P_00465_LEFT_CC,test,1,0.5106181502342224
Mass_Training_P_00465_LEFT_MLO,test,1,0.6152052879333496
Mass_Training_P_00475_LEFT_MLO,test,0,0.5971596240997314
Mass_Training_P_00475_RIGHT_MLO,test,0,0.6207237839698792
Mass_Training_P_00488_LEFT_CC,test,0,0.55983966588974
Mass_Training_P_00488_LEFT_MLO,test,0,0.5761826634407043
Mass_Training_P_00492_RIGHT_MLO,test,0,0.58894944190979
Mass_Training_P_00509_RIGHT_CC,test,0,0.5383421182632446
Mass_Training_P_00509_RIGHT_MLO,test,0,0.6168150305747986
Mass_Training_P_00518_LEFT_CC,test,0,0.4690275192260742
Mass_Training_P_00518_LEFT_MLO,test,0,0.3519023060798645
Mass_Training_P_00526_RIGHT_CC,test,1,0.6282358169555664
Mass_Training_P_00526_RIGHT_MLO,test,1,0.7500447034835815
Mass_Training_P_00528_LEFT_MLO,test,0,0.2593437433242798
Mass_Training_P_00528_RIGHT_CC,test,0,0.3151508569717407
Mass_Training_P_00528_RIGHT_MLO,test,0,0.3149827718734741
Mass_Training_P_00539_RIGHT_CC,test,1,0.5814051032066345
Mass_Training_P_00539_RIGHT_MLO,test,1,0.4504040479660034
Mass_Training_P_00575_RIGHT_MLO,test,1,0.564801037311554
Mass_Training_P_00596_LEFT_CC,test,0,0.28549179434776306
Mass_Training_P_00596_LEFT_MLO,test,0,0.657048761844635
Mass_Training_P_00596_RIGHT_CC,test,1,0.3373921513557434
Mass_Training_P_00596_RIGHT_MLO,test,1,0.570632815361023
Mass_Training_P_00611_RIGHT_CC,test,0,0.26251986622810364
Mass_Training_P_00611_RIGHT_MLO,test,0,0.5718387365341187
Mass_Training_P_00616_LEFT_MLO,test,1,0.6651179790496826
Mass_Training_P_00630_LEFT_CC,test,0,0.5801498293876648
Mass_Training_P_00630_LEFT_MLO,test,0,0.6208562850952148
Mass_Training_P_00634_LEFT_CC,test,0,0.2714066207408905
Mass_Training_P_00634_LEFT_MLO,test,0,0.21519717574119568
Mass_Training_P_00634_RIGHT_MLO,test,1,0.4659217596054077
Mass_Training_P_00640_RIGHT_CC,test,0,0.5246672630310059
Mass_Training_P_00640_RIGHT_MLO,test,0,0.5155306458473206
Mass_Training_P_00673_RIGHT_MLO,test,0,0.26067671179771423
Mass_Training_P_00710_LEFT_CC,test,0,0.6379198431968689
Mass_Training_P_00710_LEFT_MLO,test,0,0.4986596405506134
Mass_Training_P_00710_RIGHT_CC,test,0,0.5807468891143799
Mass_Training_P_00710_RIGHT_MLO,test,0,0.4580775201320648
Mass_Training_P_00723_LEFT_MLO,test,0,0.6373791694641113
Mass_Training_P_00726_RIGHT_CC,test,0,0.11304772645235062
Mass_Training_P_00726_RIGHT_MLO,test,0,0.2755599319934845
Mass_Training_P_00732_LEFT_CC,test,1,0.9855497479438782
Mass_Training_P_00732_LEFT_MLO,test,1,0.8459920287132263
Mass_Training_P_00733_RIGHT_CC,test,0,0.6267989873886108
Mass_Training_P_00733_RIGHT_MLO,test,0,0.5680942535400391
Mass_Training_P_00734_RIGHT_MLO,test,1,0.6161807179450989
Mass_Training_P_00739_LEFT_CC,test,0,0.534793496131897
Mass_Training_P_00739_LEFT_MLO,test,0,0.5276280045509338
Mass_Training_P_00753_RIGHT_CC,test,1,0.8394007086753845
Mass_Training_P_00753_RIGHT_MLO,test,1,0.7583494186401367
Mass_Training_P_00794_LEFT_CC,test,0,0.4986373484134674
Mass_Training_P_00794_LEFT_MLO,test,0,0.45499271154403687
Mass_Training_P_00803_LEFT_CC,test,1,0.4849686324596405
Mass_Training_P_00871_LEFT_CC,test,1,0.719531774520874
Mass_Training_P_00871_LEFT_MLO,test,1,0.6763132214546204
Mass_Training_P_00889_LEFT_CC,test,1,0.4977165460586548
Mass_Training_P_00889_LEFT_MLO,test,1,0.5835602879524231
Mass_Training_P_01052_LEFT_CC,test,0,0.5948954820632935
Mass_Training_P_01052_LEFT_MLO,test,0,0.6212753057479858
Mass_Training_P_01062_RIGHT_CC,test,0,0.6037390232086182
Mass_Training_P_01062_RIGHT_MLO,test,0,0.6669958233833313
Mass_Training_P_01079_RIGHT_CC,test,1,0.4453011155128479
Mass_Training_P_01079_RIGHT_MLO,test,1,0.4276488721370697
Mass_Training_P_01086_LEFT_MLO,test,1,0.6227954030036926
Mass_Training_P_01088_LEFT_CC,test,1,0.5480244159698486
Mass_Training_P_01088_LEFT_MLO,test,1,0.6361284255981445
Mass_Training_P_01134_RIGHT_CC,test,1,0.8048885464668274
Mass_Training_P_01134_RIGHT_MLO,test,1,0.6130017638206482
Mass_Training_P_01151_RIGHT_CC,test,1,0.467347651720047
Mass_Training_P_01151_RIGHT_MLO,test,1,0.4533773362636566
Mass_Training_P_01158_RIGHT_CC,test,0,0.5861384868621826
Mass_Training_P_01158_RIGHT_MLO,test,0,0.7050887942314148
Mass_Training_P_01173_RIGHT_CC,test,1,0.5812174677848816
Mass_Training_P_01173_RIGHT_MLO,test,1,0.5349229574203491
Mass_Training_P_01207_RIGHT_MLO,test,0,0.20580995082855225
Mass_Training_P_01216_RIGHT_CC,test,0,0.2605559825897217
Mass_Training_P_01216_RIGHT_MLO,test,0,0.3345194160938263
Mass_Training_P_01239_RIGHT_CC,test,0,0.6329817175865173
Mass_Training_P_01250_RIGHT_CC,test,0,0.9393734931945801
Mass_Training_P_01250_RIGHT_MLO,test,0,0.8948398232460022
Mass_Training_P_01260_LEFT_MLO,test,1,0.7228243947029114
Mass_Training_P_01304_RIGHT_CC,test,1,0.40669235587120056
Mass_Training_P_01304_RIGHT_MLO,test,1,0.5712713599205017
Mass_Training_P_01312_LEFT_CC,test,1,0.5608681440353394
Mass_Training_P_01317_RIGHT_MLO,test,0,0.09020587056875229
Mass_Training_P_01354_RIGHT_MLO,test,0,0.6252492666244507
Mass_Training_P_01364_LEFT_CC,test,1,0.7918851971626282
Mass_Training_P_01364_LEFT_MLO,test,1,0.8312333226203918
Mass_Training_P_01367_LEFT_MLO,test,0,0.5360134840011597
Mass_Training_P_01371_RIGHT_CC,test,1,0.49671420454978943
Mass_Training_P_01371_RIGHT_MLO,test,1,0.5832504034042358
Mass_Training_P_01405_RIGHT_CC,test,1,0.4139048457145691
Mass_Training_P_01405_RIGHT_MLO,test,1,0.9304514527320862
Mass_Training_P_01454_LEFT_MLO,test,1,0.6086404323577881
Mass_Training_P_01475_LEFT_CC,test,0,0.6577029824256897
Mass_Training_P_01475_LEFT_MLO,test,0,0.7354547381401062
Mass_Training_P_01484_RIGHT_MLO,test,0,0.6168215870857239
Mass_Training_P_01495_RIGHT_MLO,test,0,0.5796700119972229
Mass_Training_P_01503_LEFT_CC,test,0,0.5886666774749756
Mass_Training_P_01503_LEFT_MLO,test,0,0.607826292514801
Mass_Training_P_01508_LEFT_MLO,test,0,0.49898794293403625
Mass_Training_P_01531_RIGHT_MLO,test,0,0.16109918057918549
Mass_Training_P_01557_RIGHT_CC,test,0,0.4378831386566162
Mass_Training_P_01557_RIGHT_MLO,test,0,0.5700519680976868
Mass_Training_P_01559_RIGHT_MLO,test,1,0.6889286041259766
Mass_Training_P_01567_LEFT_MLO,test,0,0.23843125998973846
Mass_Training_P_01608_RIGHT_CC,test,0,0.5159727334976196
Mass_Training_P_01608_RIGHT_MLO,test,0,0.3513503074645996
Mass_Training_P_01611_RIGHT_CC,test,0,0.8312594294548035
Mass_Training_P_01611_RIGHT_MLO,test,0,0.7857825756072998
Mass_Training_P_01613_LEFT_CC,test,0,0.5771068930625916
Mass_Training_P_01613_LEFT_MLO,test,0,0.6264182329177856
Mass_Training_P_01630_RIGHT_MLO,test,0,0.40616804361343384
Mass_Training_P_01635_LEFT_CC,test,0,0.8854367136955261
Mass_Training_P_01635_LEFT_MLO,test,0,0.7488849759101868
Mass_Training_P_01635_RIGHT_CC,test,0,0.533924400806427
Mass_Training_P_01635_RIGHT_MLO,test,0,0.7098208665847778
Mass_Training_P_01642_RIGHT_CC,test,1,0.536530077457428
Mass_Training_P_01642_RIGHT_MLO,test,1,0.7266337871551514
Mass_Training_P_01650_LEFT_CC,test,0,0.25374630093574524
Mass_Training_P_01650_LEFT_MLO,test,0,0.39657700061798096
Mass_Training_P_01653_RIGHT_MLO,test,0,0.36302733421325684
Mass_Training_P_01674_LEFT_CC,test,1,0.7437184453010559
Mass_Training_P_01675_RIGHT_CC,test,1,0.4714674949645996
Mass_Training_P_01675_RIGHT_MLO,test,1,0.4473755359649658
Mass_Training_P_01701_LEFT_CC,test,1,0.974033772945404
Mass_Training_P_01701_LEFT_MLO,test,1,0.8845685720443726
Mass_Training_P_01712_LEFT_CC,test,0,0.5556432008743286
Mass_Training_P_01712_LEFT_MLO,test,0,0.6656599640846252
Mass_Training_P_01712_RIGHT_CC,test,0,0.5879712104797363
Mass_Training_P_01712_RIGHT_MLO,test,0,0.5068278908729553
Mass_Training_P_01749_LEFT_CC,test,0,0.5145884156227112
Mass_Training_P_01749_LEFT_MLO,test,0,0.48519033193588257
Mass_Training_P_01751_LEFT_CC,test,0,0.44706323742866516
Mass_Training_P_01751_LEFT_MLO,test,0,0.3322848677635193
Mass_Training_P_01799_LEFT_CC,test,1,0.5058884620666504
Mass_Training_P_01799_LEFT_MLO,test,1,0.6572669744491577
Mass_Training_P_01822_LEFT_CC,test,0,0.30233150720596313
Mass_Training_P_01822_LEFT_MLO,test,0,0.21852149069309235
Mass_Training_P_01829_LEFT_MLO,test,0,0.5438299775123596
Mass_Training_P_01864_LEFT_CC,test,0,0.6723979115486145
Mass_Training_P_01887_LEFT_CC,test,0,0.40666574239730835
Mass_Training_P_01887_LEFT_MLO,test,0,0.5370303988456726
Mass_Training_P_02079_RIGHT_CC,test,1,0.771388828754425
Mass_Training_P_02079_RIGHT_MLO,test,1,0.6128882169723511
