phase,epoch,epoch_time_s,trainable_params,accuracy,auc,loss,precision,recall,val_accuracy,val_auc,val_loss,val_precision,val_recall,learning_rate
head,1,58.62708878517151,528897,0.5753424763679504,0.5978461503982544,0.28237980604171753,0.5218198895454407,0.5752303004264832,0.591208815574646,0.631317138671875,0.09548664838075638,0.5347985625267029,0.712195098400116,0.0010000000474974513
head,2,43.5531051158905,528897,0.5986301302909851,0.6287945508956909,0.17908068001270294,0.5452029705047607,0.6049129962921143,0.5472527742385864,0.5939804911613464,0.08952592313289642,0.49787235260009766,0.5707316994667053,0.0010000000474974513
head,3,43.50578498840332,528897,0.6214612126350403,0.6780350208282471,0.09884852916002274,0.5690298676490784,0.6243602633476257,0.6087912321090698,0.639248788356781,0.0854719802737236,0.5513308048248291,0.707317054271698,0.0010000000474974513
head,4,43.74505281448364,528897,0.6488584280014038,0.7007204294204712,0.08358657360076904,0.5945454835891724,0.6693961024284363,0.6021978259086609,0.6410341858863831,0.08519762009382248,0.560606062412262,0.5414634346961975,0.0010000000474974513
head,5,79.08822321891785,528897,0.6757990717887878,0.7475366592407227,0.0750613734126091,0.6230414509773254,0.6919140219688416,0.6549450755119324,0.6677658557891846,0.08546031266450882,0.5967742204666138,0.7219512462615967,0.0010000000474974513
head,6,79.98075842857361,528897,0.6817351579666138,0.7441247701644897,0.07513900101184845,0.6282051205635071,0.7021494507789612,0.6351648569107056,0.6763023734092712,0.08701533824205399,0.5979899764060974,0.5804877877235413,0.0010000000474974513
head,7,43.38529992103577,528897,0.6785387992858887,0.7517266869544983,0.07387283444404602,0.6242038011550903,0.7021494507789612,0.6241758465766907,0.6618048548698425,0.08584382385015488,0.5772727131843567,0.6195122003555298,0.0010000000474974513
head,8,43.61442470550537,528897,0.7018265128135681,0.7597618699073792,0.07332117855548859,0.6488970518112183,0.7226202487945557,0.6175824403762817,0.6471804976463318,0.08636315912008286,0.5741626620292664,0.5853658318519592,0.0010000000474974513
finetune,9,64.8030776977539,15479297,0.6808218955993652,0.7451769113540649,0.07516703009605408,0.6365422606468201,0.6632548570632935,0.6065934300422668,0.6759219765663147,0.08944714069366455,0.5442177057266235,0.7804877758026123,2.9999999242136255e-05
finetune,10,51.738569259643555,15479297,0.7018265128135681,0.7727721333503723,0.07105319201946259,0.6475409865379333,0.7277379631996155,0.6087912321090698,0.6758438944816589,0.08600424230098724,0.5780346989631653,0.4878048896789551,2.9999999242136255e-05
finetune,11,51.79773426055908,15479297,0.6963470578193665,0.7796171307563782,0.06963977217674255,0.6439114212989807,0.7144319415092468,0.6021978259086609,0.6605854034423828,0.08609482645988464,0.5444444417953491,0.7170731425285339,2.9999999242136255e-05
finetune,12,51.90707731246948,15479297,0.7027397155761719,0.7875902652740479,0.06967189908027649,0.6576402187347412,0.6960082054138184,0.6681318879127502,0.7141658067703247,0.08108358085155487,0.6261682510375977,0.6536585092544556,2.9999999242136255e-05
finetune,13,52.0044960975647,15479297,0.725570797920227,0.8138854503631592,0.06513199955224991,0.6724770665168762,0.7502558827400208,0.6483516693115234,0.7106829285621643,0.08327241241931915,0.6347305178642273,0.5170731544494629,2.9999999242136255e-05
finetune,14,51.742138147354126,15479297,0.7383561730384827,0.8332180380821228,0.06280688941478729,0.6849817037582397,0.7656090259552002,0.6725274920463562,0.7255804538726807,0.0803816169500351,0.6284403800964355,0.6682927012443542,2.9999999242136255e-05
finetune,15,52.075843334198,15479297,0.7534246444702148,0.8415173292160034,0.06217990070581436,0.7028783559799194,0.774820864200592,0.6483516693115234,0.7296683192253113,0.08627313375473022,0.6008968353271484,0.6536585092544556,2.9999999242136255e-05
finetune,16,51.98385000228882,15479297,0.7716894745826721,0.8616493940353394,0.05784926563501358,0.7313287854194641,0.771750271320343,0.6505494713783264,0.7028682231903076,0.09384454786777496,0.6619718074798584,0.4585365951061249,2.9999999242136255e-05
finetune,17,51.86046361923218,15479297,0.7721461057662964,0.8595736622810364,0.058710962533950806,0.7293666005134583,0.7778915166854858,0.6241758465766907,0.6895610094070435,0.09066706150770187,0.5904255509376526,0.5414634346961975,2.9999999242136255e-05
finetune,18,51.869749307632446,15479297,0.8059360980987549,0.8984462022781372,0.051758892834186554,0.75650554895401,0.8331627249717712,0.6263736486434937,0.6919902563095093,0.11729113757610321,0.6548672318458557,0.36097562313079834,2.9999999242136255e-05
finetune,19,51.83778524398804,15479297,0.8205479383468628,0.9122897982597351,0.04834442213177681,0.7834951281547546,0.8259979486465454,0.6153846383094788,0.7023512125015259,0.09922781586647034,0.5559701323509216,0.7268292903900146,1.4999999621068127e-05
finetune,20,51.90780282020569,15479297,0.8347032070159912,0.9191313982009888,0.04585757106542587,0.794822633266449,0.8485158681869507,0.6791208982467651,0.739209771156311,0.08917511254549026,0.6299559473991394,0.6975609660148621,1.4999999621068127e-05
finetune,21,52.209479093551636,15479297,0.8547945022583008,0.9369146823883057,0.0426006093621254,0.8220918774604797,0.8607983589172363,0.6483516693115234,0.7150537371635437,0.09626301378011703,0.5982532501220703,0.6682927012443542,1.4999999621068127e-05
finetune,22,51.890268325805664,15479297,0.8598173260688782,0.940870463848114,0.04072565212845802,0.8227360248565674,0.874104380607605,0.6241758465766907,0.7218731045722961,0.10140321403741837,0.5590277910232544,0.785365879535675,1.4999999621068127e-05
finetune,23,51.8413622379303,15479297,0.8607305884361267,0.9428040385246277,0.03965526819229126,0.831360936164856,0.8628454208374023,0.6307692527770996,0.6890438199043274,0.1277553141117096,0.6258503198623657,0.44878047704696655,1.4999999621068127e-05
finetune,24,51.91590857505798,15479297,0.8748858571052551,0.9487883448600769,0.0371682345867157,0.8442703485488892,0.8822927474975586,0.6527472734451294,0.7040878534317017,0.10921932756900787,0.620512843132019,0.5902438759803772,7.499999810534064e-06
finetune,25,51.913952589035034,15479297,0.8826484084129333,0.956257700920105,0.03537644445896149,0.8665987849235535,0.871033787727356,0.6527472734451294,0.7108975648880005,0.12142314016819,0.6017315983772278,0.6780487895011902,7.499999810534064e-06
finetune,26,51.723424434661865,15479297,0.8949771523475647,0.9674761891365051,0.031188951805233955,0.8658178448677063,0.9048106670379639,0.6593406796455383,0.7016292810440063,0.1312166005373001,0.6436781883239746,0.5463414788246155,7.499999810534064e-06
